,Voltage,Raw
0,0.201,db645b
1,0.20199999999999999,c39582
2,0.203,b47ae2
3,0.204,a978d6
4,0.205,a2d0e7
5,0.20600000000000002,9e76ca
6,0.207,9b22d2
7,0.20800000000000002,989376
8,0.209,974bc8
9,0.21,95c291
10,0.21100000000000002,943959
11,0.212,93b647
12,0.213,933335
13,0.214,91a9fd
14,0.215,916874
15,0.21600000000000003,9126eb
16,0.217,9020c6
17,0.218,8f9db4
18,0.21899999999999997,9020c6
19,0.22,8f1aa1
20,0.221,8ed918
21,0.222,8e978f
22,0.223,8e978f
23,0.22399999999999998,8d916a
24,0.225,8d916a
25,0.226,8dd2f3
26,0.22699999999999998,8d0e57
27,0.228,8c8b45
28,0.22899999999999998,8d4fe1
29,0.23,8c8b45
30,0.231,8c49bc
31,0.23199999999999998,8c8b45
32,0.233,8c49bc
33,0.23399999999999999,8b8520
34,0.235,8b8520
35,0.23600000000000002,8bc6a9
36,0.237,8b4397
37,0.23800000000000002,8b020e
38,0.239,8b8520
39,0.24,8b4397
40,0.24100000000000002,8ac084
41,0.242,8b020e
42,0.243,8b020e
43,0.244,89fbe9
44,0.245,8a7efb
45,0.24600000000000002,8ac084
46,0.247,8a3d72
47,0.248,89fbe9
48,0.249,8a7efb
49,0.25,89fbe9
50,0.251,89ba60
51,0.252,89fbe9
52,0.253,8a3d72
53,0.254,8978d6
54,0.255,89ba60
55,0.256,89fbe9
56,0.257,89374d
57,0.258,89374d
58,0.259,89fbe9
59,0.26,8978d6
60,0.261,8978d6
61,0.262,8978d6
62,0.263,89ba60
63,0.264,89374d
64,0.265,89374d
65,0.266,89ba60
66,0.267,89374d
67,0.268,88f5c4
68,0.26899999999999996,89ba60
69,0.27,89374d
70,0.271,89374d
71,0.272,8978d6
72,0.273,89ba60
73,0.27399999999999997,88f5c4
74,0.275,89374d
75,0.276,8978d6
76,0.27699999999999997,8978d6
77,0.278,89374d
78,0.27899999999999997,89fbe9
79,0.28,8978d6
80,0.281,8978d6
81,0.282,89ba60
82,0.28300000000000003,89fbe9
83,0.284,89374d
84,0.285,89ba60
85,0.28600000000000003,89fbe9
86,0.287,8978d6
87,0.28800000000000003,8978d6
88,0.289,8a3d72
89,0.29,89ba60
90,0.29100000000000004,89ba60
91,0.292,89fbe9
92,0.293,8a7efb
93,0.294,8978d6
94,0.295,89ba60
95,0.29600000000000004,8a3d72
96,0.297,89fbe9
97,0.298,89fbe9
98,0.299,8ac084
99,0.3,9ef9dc
100,0.299,deb853
101,0.298,0b5dcc
102,0.297,26e978
103,0.29600000000000004,37ced8
104,0.295,43d709
105,0.294,4c0830
106,0.293,5126e8
107,0.292,54fdf3
108,0.29100000000000004,589374
109,0.29,5a9fbd
110,0.289,5c6a7e
111,0.28800000000000003,5e353e
112,0.287,5fffff
113,0.28600000000000003,608311
114,0.285,620c48
115,0.284,6353f7
116,0.28300000000000003,639580
117,0.282,649ba5
118,0.281,6624dc
119,0.28,666665
120,0.27899999999999997,672b01
121,0.278,67ae13
122,0.27699999999999997,68b438
123,0.276,68b438
124,0.275,6978d4
125,0.27399999999999997,6a7ef9
126,0.273,6a7ef9
127,0.272,6b020b
128,0.271,6c49b9
129,0.27,6c49b9
130,0.26899999999999996,6ccccb
131,0.268,6d9167
132,0.267,6e147a
133,0.266,6dd2f0
134,0.265,6e978c
135,0.264,6f5c28
136,0.263,6f5c28
137,0.262,6f9db1
138,0.261,70a3d6
139,0.26,70a3d6
140,0.259,70a3d6
141,0.258,716871
142,0.257,71eb84
143,0.256,71eb84
144,0.255,726e96
145,0.254,72f1a9
146,0.253,72f1a9
147,0.252,733332
148,0.251,743957
149,0.25,743957
150,0.249,743957
151,0.248,74bc69
152,0.247,758105
153,0.24600000000000002,74fdf2
154,0.245,758105
155,0.244,7645a0
156,0.243,7645a0
157,0.242,76872a
158,0.24100000000000002,774bc5
159,0.24,774bc5
160,0.239,774bc5
161,0.23800000000000002,77ced8
162,0.237,7851ea
163,0.23600000000000002,781061
164,0.235,789373
165,0.23399999999999999,791686
166,0.233,791686
167,0.23199999999999998,791686
168,0.231,7a1cab
169,0.23,7a1cab
170,0.22899999999999998,7a1cab
171,0.228,7a9fbd
172,0.22699999999999998,7b22cf
173,0.226,7ae146
174,0.225,7b22cf
175,0.22399999999999998,7be76b
176,0.223,7be76b
177,0.222,7ba5e2
178,0.221,7ced90
179,0.22,7cac07
180,0.21899999999999997,7cac07
181,0.218,7d70a2
182,0.217,7df3b5
183,0.21600000000000003,7d70a2
184,0.215,7df3b5
185,0.214,7e76c7
186,0.213,7e76c7
187,0.212,7e76c7
188,0.21100000000000002,7f7cec
189,0.21,7f7cec
190,0.209,7f3b63
191,0.20800000000000002,7fbe75
192,0.207,808311
193,0.20600000000000002,7fbe75
194,0.205,80c49a
195,0.204,818936
196,0.203,810623
197,0.20199999999999999,8147ad
198,0.201,820c48
199,0.2,81cabf
200,0.19899999999999998,820c48
201,0.198,824dd1
202,0.19699999999999998,82d0e4
203,0.196,824dd1
204,0.195,82d0e4
205,0.19399999999999998,83957f
206,0.193,8353f6
207,0.192,83957f
208,0.191,84dd2e
209,0.19,845a1b
210,0.18899999999999997,849ba4
211,0.188,84dd2e
212,0.187,856040
213,0.18600000000000003,851eb7
214,0.185,856040
215,0.184,85e352
216,0.183,8624dc
217,0.182,85e352
218,0.18100000000000002,86e977
219,0.18,86e977
220,0.179,86e977
221,0.17800000000000002,876c8a
222,0.177,87ef9c
223,0.17600000000000002,876c8a
224,0.175,87ef9c
225,0.174,8872af
226,0.17300000000000001,8872af
227,0.172,88b438
228,0.171,8978d3
229,0.17,89374a
230,0.16899999999999998,89374a
231,0.168,89ba5d
232,0.16699999999999998,8a7ef8
233,0.166,89fbe6
234,0.165,8a7ef8
235,0.16399999999999998,8b020b
236,0.163,8ac081
237,0.162,8b020b
238,0.161,8c0830
239,0.16,8bc6a6
240,0.159,8c0830
241,0.158,8c49b9
242,0.157,8ccccb
243,0.156,8c49b9
244,0.155,8ccccb
245,0.154,8d9167
246,0.153,8d9167
247,0.152,8d9167
248,0.151,8e978c
249,0.15,8e1479
250,0.149,8e5602
251,0.14800000000000002,8ed915
252,0.147,8f1a9e
253,0.146,8ed915
254,0.145,8f1a9e
255,0.14400000000000002,8fdf3a
256,0.14300000000000002,8f9db1
257,0.142,8f9db1
258,0.141,90e55f
259,0.14,90a3d5
260,0.139,90a3d5
261,0.138,9126e8
262,0.13699999999999998,916871
263,0.136,9126e8
264,0.135,91a9fa
265,0.134,922d0d
266,0.133,91eb83
267,0.132,91eb83
268,0.131,92f1a8
269,0.13,92b01f
270,0.129,92b01f
271,0.128,933332
272,0.127,93b644
273,0.126,933332
274,0.125,93b644
275,0.124,943956
276,0.12300000000000001,93f7cd
277,0.122,943956
278,0.121,94fdf2
279,0.12,94bc69
280,0.11900000000000001,94fdf2
281,0.11800000000000001,953f7b
282,0.11699999999999999,95c28e
283,0.11599999999999999,953f7b
284,0.115,95c28e
285,0.114,9645a0
286,0.113,960417
287,0.11199999999999999,960417
288,0.111,970a3c
289,0.11,968729
290,0.109,96c8b3
291,0.10800000000000001,970a3c
292,0.107,978d4e
293,0.106,970a3c
294,0.105,974bc5
295,0.10400000000000001,981061
296,0.10300000000000001,97ced7
297,0.102,981061
298,0.10099999999999999,98d4fc
299,0.1,845a1b
300,0.10099999999999999,428f5b
301,0.102,126809
302,0.10300000000000001,f28f5d
303,0.10400000000000001,dced92
304,0.105,ce5605
305,0.106,c49ba7
306,0.107,bcac09
307,0.10800000000000001,b6c8b5
308,0.109,b33334
309,0.11,af1aa1
310,0.111,ac0832
311,0.11199999999999999,a9ba5f
312,0.113,a7ef9f
313,0.114,a56043
314,0.115,a3d70b
315,0.11599999999999999,a24dd4
316,0.11699999999999999,a10626
317,0.11800000000000001,9f7cef
318,0.11900000000000001,9ef9dc
319,0.12,9db22e
320,0.121,9c28f7
321,0.122,9ba5e5
322,0.12300000000000001,9ae149
323,0.124,995812
324,0.125,98d4ff
325,0.126,9851ed
326,0.127,970a3f
327,0.128,9645a3
328,0.129,9645a3
329,0.13,953f7e
330,0.131,947ae3
331,0.132,93f7d0
332,0.133,93b647
333,0.134,926e99
334,0.135,922d10
335,0.136,91eb86
336,0.13699999999999998,9126eb
337,0.138,90624f
338,0.139,90a3d8
339,0.14,8fdf3d
340,0.141,8f1aa1
341,0.142,8ed918
342,0.14300000000000002,8ed918
343,0.14400000000000002,8dd2f3
344,0.145,8d916a
345,0.146,8d916a
346,0.147,8cccce
347,0.14800000000000002,8c0833
348,0.149,8cccce
349,0.15,8c0833
350,0.151,8b8520
351,0.152,8b8520
352,0.153,8b4397
353,0.154,89fbe9
354,0.155,8a3d72
355,0.156,8a3d72
356,0.157,89ba60
357,0.158,89374d
358,0.159,89ba60
359,0.16,89374d
360,0.161,8872b2
361,0.162,88b43b
362,0.163,88b43b
363,0.16399999999999998,87ae16
364,0.165,87ef9f
365,0.166,87ef9f
366,0.16699999999999998,872b03
367,0.168,86e97a
368,0.16899999999999998,876c8d
369,0.17,86e97a
370,0.171,86a7f1
371,0.172,866668
372,0.17300000000000001,86a7f1
373,0.174,85a1cc
374,0.175,85e355
375,0.17600000000000002,8624df
376,0.177,856043
377,0.17800000000000002,851eba
378,0.179,85e355
379,0.18,851eba
380,0.18100000000000002,851eba
381,0.182,851eba
382,0.183,851eba
383,0.184,845a1e
384,0.185,845a1e
385,0.18600000000000003,84dd31
386,0.187,845a1e
387,0.188,83d70c
388,0.18899999999999997,84dd31
389,0.19,841895
390,0.191,83d70c
391,0.192,83d70c
392,0.193,841895
393,0.19399999999999998,8353f9
394,0.195,839582
395,0.196,83d70c
396,0.19699999999999998,839582
397,0.198,831270
398,0.19899999999999998,83d70c
399,0.2,8353f9
400,0.201,831270
401,0.20199999999999999,8353f9
402,0.203,839582
403,0.204,82d0e7
404,0.205,82d0e7
405,0.20600000000000002,831270
406,0.207,82d0e7
407,0.20800000000000002,82d0e7
408,0.209,8353f9
409,0.21,831270
410,0.21100000000000002,82d0e7
411,0.212,831270
412,0.213,839582
413,0.214,828f5e
414,0.215,82d0e7
415,0.21600000000000003,8353f9
416,0.217,82d0e7
417,0.218,828f5e
418,0.21899999999999997,839582
419,0.22,831270
420,0.221,831270
421,0.222,831270
422,0.223,8353f9
423,0.22399999999999998,82d0e7
424,0.225,82d0e7
425,0.226,8353f9
426,0.22699999999999998,831270
427,0.228,82d0e7
428,0.22899999999999998,83d70c
429,0.23,831270
430,0.231,831270
431,0.23199999999999998,8353f9
432,0.233,839582
433,0.23399999999999999,82d0e7
434,0.235,8353f9
435,0.23600000000000002,839582
436,0.237,8353f9
437,0.23800000000000002,831270
438,0.239,83d70c
439,0.24,839582
440,0.24100000000000002,8353f9
441,0.242,83d70c
442,0.243,83d70c
443,0.244,831270
444,0.245,839582
445,0.24600000000000002,841895
446,0.247,839582
447,0.248,839582
448,0.249,845a1e
449,0.25,83d70c
450,0.251,83d70c
451,0.252,841895
452,0.253,845a1e
453,0.254,839582
454,0.255,841895
455,0.256,845a1e
456,0.257,83d70c
457,0.258,83d70c
458,0.259,84dd31
459,0.26,845a1e
460,0.261,845a1e
461,0.262,849ba7
462,0.263,84dd31
463,0.264,845a1e
464,0.265,849ba7
465,0.266,851eba
466,0.267,849ba7
467,0.268,845a1e
468,0.26899999999999996,851eba
469,0.27,84dd31
470,0.271,84dd31
471,0.272,851eba
472,0.273,856043
473,0.27399999999999997,84dd31
474,0.275,851eba
475,0.276,856043
476,0.27699999999999997,856043
477,0.278,851eba
478,0.27899999999999997,85e355
479,0.28,85a1cc
480,0.281,856043
481,0.282,85e355
482,0.28300000000000003,8624df
483,0.284,856043
484,0.285,85e355
485,0.28600000000000003,8624df
486,0.287,85e355
487,0.28800000000000003,85e355
488,0.289,86a7f1
489,0.29,866668
490,0.29100000000000004,866668
491,0.292,86a7f1
492,0.293,872b03
493,0.294,8624df
494,0.295,866668
495,0.29600000000000004,872b03
496,0.297,86a7f1
497,0.298,86a7f1
498,0.299,87ae16
499,0.3,9be76e
500,0.299,dba5e4
501,0.298,085f06
502,0.297,245a1c
503,0.29600000000000004,353f7c
504,0.295,4147ad
505,0.294,49ba5d
506,0.293,4f1a9f
507,0.292,52f1a9
508,0.29100000000000004,56872a
509,0.29,58d4fd
510,0.289,5a9fbd
511,0.28800000000000003,5c6a7e
512,0.287,5e353e
513,0.28600000000000003,5eb851
514,0.285,604188
515,0.284,618936
516,0.28300000000000003,620c48
517,0.282,62d0e4
518,0.281,645a1b
519,0.28,64dd2e
520,0.27899999999999997,656040
521,0.278,6624dc
522,0.27699999999999997,66e978
523,0.276,66e978
524,0.275,67ef9c
525,0.27399999999999997,68f5c1
526,0.273,68f5c1
527,0.272,69374a
528,0.271,6ac082
529,0.27,6ac082
530,0.26899999999999996,6b4394
531,0.268,6bc6a7
532,0.267,6c8b42
533,0.266,6c49b9
534,0.265,6ccccb
535,0.264,6d9167
536,0.263,6dd2f0
537,0.262,6dd2f0
538,0.261,6f1a9e
539,0.26,6f1a9e
540,0.259,6f1a9e
541,0.258,6fdf3a
542,0.257,70624c
543,0.256,7020c3
544,0.255,70e55f
545,0.254,716871
546,0.253,716871
547,0.252,716871
548,0.251,726e96
549,0.25,726e96
550,0.249,726e96
551,0.248,72f1a9
552,0.247,73b644
553,0.24600000000000002,733332
554,0.245,73b644
555,0.244,747ae0
556,0.243,743957
557,0.242,74bc69
558,0.24100000000000002,758105
559,0.24,753f7c
560,0.239,758105
561,0.23800000000000002,75c28e
562,0.237,7645a0
563,0.23600000000000002,760417
564,0.235,76872a
565,0.23399999999999999,770a3c
566,0.233,76c8b3
567,0.23199999999999998,770a3c
568,0.231,781061
569,0.23,77ced8
570,0.22899999999999998,781061
571,0.228,789373
572,0.22699999999999998,78d4fd
573,0.226,789373
574,0.225,791686
575,0.22399999999999998,799998
576,0.223,799998
577,0.222,79580f
578,0.221,7a9fbd
579,0.22,7a5e34
580,0.21899999999999997,7a5e34
581,0.218,7ae146
582,0.217,7ba5e2
583,0.21600000000000003,7ae146
584,0.215,7ba5e2
585,0.214,7be76b
586,0.213,7be76b
587,0.212,7be76b
588,0.21100000000000002,7cac07
589,0.21,7cac07
590,0.209,7cac07
591,0.20800000000000002,7d2f19
592,0.207,7db22c
593,0.20600000000000002,7ced90
594,0.205,7db22c
595,0.204,7e76c7
596,0.203,7e353e
597,0.20199999999999999,7e353e
598,0.201,7ef9da
599,0.2,7eb850
600,0.19899999999999998,7ef9da
601,0.198,7f7cec
602,0.19699999999999998,7fbe75
603,0.196,7f3b63
604,0.195,7fbe75
605,0.19399999999999998,804188
606,0.193,804188
607,0.192,804188
608,0.191,8147ad
609,0.19,810623
610,0.18899999999999997,810623
611,0.188,818936
612,0.187,81cabf
613,0.18600000000000003,818936
614,0.185,81cabf
615,0.184,824dd1
616,0.183,824dd1
617,0.182,820c48
618,0.18100000000000002,8353f6
619,0.18,83126d
620,0.179,83126d
621,0.17800000000000002,83957f
622,0.177,83d709
623,0.17600000000000002,8353f6
624,0.175,83d709
625,0.174,845a1b
626,0.17300000000000001,845a1b
627,0.172,845a1b
628,0.171,851eb7
629,0.17,851eb7
630,0.16899999999999998,84dd2e
631,0.168,856040
632,0.16699999999999998,85e352
633,0.166,856040
634,0.165,85e352
635,0.16399999999999998,866665
636,0.163,85e352
637,0.162,8624dc
638,0.161,872b00
639,0.16,86e977
640,0.159,86e977
641,0.158,872b00
642,0.157,87ae13
643,0.156,872b00
644,0.155,876c8a
645,0.154,883125
646,0.153,883125
647,0.152,87ef9c
648,0.151,88f5c1
649,0.15,88b438
650,0.149,88b438
651,0.14800000000000002,88f5c1
652,0.147,8978d3
653,0.146,88f5c1
654,0.145,89374a
655,0.14400000000000002,89fbe6
656,0.14300000000000002,89ba5d
657,0.142,8978d3
658,0.141,8a7ef8
659,0.14,8a7ef8
660,0.139,8a3d6f
661,0.138,8ac081
662,0.13699999999999998,8b020b
663,0.136,8a7ef8
664,0.135,8b020b
665,0.134,8b851d
666,0.133,8b4394
667,0.132,8b4394
668,0.131,8c0830
669,0.13,8c0830
670,0.129,8bc6a6
671,0.128,8c49b9
672,0.127,8ccccb
673,0.126,8c0830
674,0.125,8c8b42
675,0.124,8d0e54
676,0.12300000000000001,8ccccb
677,0.122,8ccccb
678,0.121,8dd2f0
679,0.12,8d9167
680,0.11900000000000001,8d9167
681,0.11800000000000001,8dd2f0
682,0.11699999999999999,8e5602
683,0.11599999999999999,8dd2f0
684,0.115,8e5602
685,0.114,8ed915
686,0.113,8e5602
687,0.11199999999999999,8e5602
688,0.111,8f5c27
689,0.11,8ed915
690,0.109,8f1a9e
691,0.10800000000000001,8f5c27
692,0.107,8f9db1
693,0.106,8f1a9e
694,0.105,8f9db1
695,0.10400000000000001,9020c3
696,0.10300000000000001,9020c3
697,0.102,9020c3
698,0.10099999999999999,9126e8
699,0.1,7cac07
700,0.10099999999999999,3ae147
701,0.102,0b15b5
702,0.10300000000000001,eb9f56
703,0.10400000000000001,d645a3
704,0.105,c872b1
705,0.106,bef9dc
706,0.107,b74bc8
707,0.10800000000000001,b1a9fd
708,0.109,ae5605
709,0.11,aac084
710,0.111,a7ae16
711,0.11199999999999999,a5e355
712,0.113,a3d70b
713,0.114,a1cac2
714,0.115,a08314
715,0.11599999999999999,9ef9dc
716,0.11699999999999999,9db22e
717,0.11800000000000001,9c6a80
718,0.11900000000000001,9c28f7
719,0.12,9ae149
720,0.121,99999b
721,0.122,991688
722,0.12300000000000001,9851ed
723,0.124,96c8b6
724,0.125,96872c
725,0.126,96041a
726,0.127,94fdf5
727,0.128,943959
728,0.129,943959
729,0.13,9374be
730,0.131,92b022
731,0.132,922d10
732,0.133,922d10
733,0.134,90a3d8
734,0.135,90624f
735,0.136,90624f
736,0.13699999999999998,8f9db4
737,0.138,8f1aa1
738,0.139,8f5c2a
739,0.14,8e978f
740,0.141,8dd2f3
741,0.142,8d916a
742,0.14300000000000002,8d916a
743,0.14400000000000002,8c8b45
744,0.145,8c8b45
745,0.146,8c8b45
746,0.147,8bc6a9
747,0.14800000000000002,8b4397
748,0.149,8c0833
749,0.15,8b020e
750,0.151,8ac084
751,0.152,8ac084
752,0.153,8a7efb
753,0.154,8978d6
754,0.155,8978d6
755,0.156,8978d6
756,0.157,88f5c4
757,0.158,8872b2
758,0.159,89374d
759,0.16,8872b2
760,0.161,883128
761,0.162,883128
762,0.163,883128
763,0.16399999999999998,872b03
764,0.165,876c8d
765,0.166,876c8d
766,0.16699999999999998,86a7f1
767,0.168,866668
768,0.16899999999999998,872b03
769,0.17,86a7f1
770,0.171,8624df
771,0.172,8624df
772,0.17300000000000001,866668
773,0.174,856043
774,0.175,85a1cc
775,0.17600000000000002,85e355
776,0.177,851eba
777,0.17800000000000002,84dd31
778,0.179,85a1cc
779,0.18,84dd31
780,0.18100000000000002,84dd31
781,0.182,84dd31
782,0.183,851eba
783,0.184,845a1e
784,0.185,845a1e
785,0.18600000000000003,849ba7
786,0.187,841895
787,0.188,839582
788,0.18899999999999997,849ba7
789,0.19,841895
790,0.191,83d70c
791,0.192,83d70c
792,0.193,83d70c
793,0.19399999999999998,8353f9
794,0.195,839582
795,0.196,839582
796,0.19699999999999998,839582
797,0.198,831270
798,0.19899999999999998,83d70c
799,0.2,8353f9
800,0.201,831270
801,0.20199999999999999,8353f9
802,0.203,839582
803,0.204,82d0e7
804,0.205,82d0e7
805,0.20600000000000002,831270
806,0.207,82d0e7
807,0.20800000000000002,828f5e
808,0.209,8353f9
809,0.21,831270
810,0.21100000000000002,82d0e7
811,0.212,831270
812,0.213,8353f9
813,0.214,828f5e
814,0.215,82d0e7
815,0.21600000000000003,8353f9
816,0.217,82d0e7
817,0.218,828f5e
818,0.21899999999999997,8353f9
819,0.22,831270
820,0.221,831270
821,0.222,8353f9
822,0.223,839582
823,0.22399999999999998,82d0e7
824,0.225,831270
825,0.226,839582
826,0.22699999999999998,831270
827,0.228,82d0e7
828,0.22899999999999998,83d70c
829,0.23,8353f9
830,0.231,831270
831,0.23199999999999998,839582
832,0.233,839582
833,0.23399999999999999,831270
834,0.235,839582
835,0.23600000000000002,839582
836,0.237,8353f9
837,0.23800000000000002,831270
838,0.239,841895
839,0.24,839582
840,0.24100000000000002,8353f9
841,0.242,839582
842,0.243,83d70c
843,0.244,831270
844,0.245,839582
845,0.24600000000000002,83d70c
846,0.247,839582
847,0.248,8353f9
848,0.249,845a1e
849,0.25,83d70c
850,0.251,83d70c
851,0.252,83d70c
852,0.253,845a1e
853,0.254,839582
854,0.255,841895
855,0.256,845a1e
856,0.257,83d70c
857,0.258,83d70c
858,0.259,84dd31
859,0.26,841895
860,0.261,845a1e
861,0.262,845a1e
862,0.263,849ba7
863,0.264,841895
864,0.265,845a1e
865,0.266,84dd31
866,0.267,849ba7
867,0.268,845a1e
868,0.26899999999999996,851eba
869,0.27,849ba7
870,0.271,849ba7
871,0.272,851eba
872,0.273,856043
873,0.27399999999999997,849ba7
874,0.275,84dd31
875,0.276,851eba
876,0.27699999999999997,851eba
877,0.278,84dd31
878,0.27899999999999997,85e355
879,0.28,856043
880,0.281,851eba
881,0.282,85a1cc
882,0.28300000000000003,85e355
883,0.284,856043
884,0.285,85e355
885,0.28600000000000003,85e355
886,0.287,85a1cc
887,0.28800000000000003,85a1cc
888,0.289,866668
889,0.29,8624df
890,0.29100000000000004,8624df
891,0.292,8624df
892,0.293,86a7f1
893,0.294,85e355
894,0.295,8624df
895,0.29600000000000004,86a7f1
896,0.297,8624df
897,0.298,866668
898,0.299,872b03
899,0.3,9b645b
900,0.299,db22d2
901,0.298,07f62b
902,0.297,23d709
903,0.29600000000000004,34fdf3
904,0.295,410624
905,0.294,4978d4
906,0.293,4e978c
907,0.292,526e96
908,0.29100000000000004,5645a1
909,0.29,5851ea
910,0.289,5a1cab
911,0.28800000000000003,5c28f5
912,0.287,5df3b5
913,0.28600000000000003,5e353e
914,0.285,5fbe76
915,0.284,610624
916,0.28300000000000003,618936
917,0.282,624dd2
918,0.281,63d709
919,0.28,645a1b
920,0.27899999999999997,64dd2e
921,0.278,65a1c9
922,0.27699999999999997,666665
923,0.276,666665
924,0.275,672b01
925,0.27399999999999997,683126
926,0.273,683126
927,0.272,6872af
928,0.271,69fbe6
929,0.27,69fbe6
930,0.26899999999999996,6a3d6f
931,0.268,6b4394
932,0.267,6bc6a7
933,0.266,6b851d
934,0.265,6c0830
935,0.264,6ccccb
936,0.263,6d0e55
937,0.262,6d0e55
938,0.261,6e5603
939,0.26,6e5603
940,0.259,6e5603
941,0.258,6f1a9e
942,0.257,6f5c28
943,0.256,6f5c28
944,0.255,7020c3
945,0.254,70a3d6
946,0.253,70a3d6
947,0.252,70a3d6
948,0.251,71a9fb
949,0.25,71a9fb
950,0.249,71a9fb
951,0.248,722d0d
952,0.247,72f1a9
953,0.24600000000000002,722d0d
954,0.245,72f1a9
955,0.244,73b644
956,0.243,7374bb
957,0.242,73b644
958,0.24100000000000002,747ae0
959,0.24,747ae0
960,0.239,747ae0
961,0.23800000000000002,74fdf2
962,0.237,758105
963,0.23600000000000002,74fdf2
964,0.235,758105
965,0.23399999999999999,7645a0
966,0.233,760417
967,0.23199999999999998,760417
968,0.231,770a3c
969,0.23,76c8b3
970,0.22899999999999998,770a3c
971,0.228,778d4e
972,0.22699999999999998,77ced8
973,0.226,778d4e
974,0.225,77ced8
975,0.22399999999999998,789373
976,0.223,789373
977,0.222,7851ea
978,0.221,79580f
979,0.22,79580f
980,0.21899999999999997,791686
981,0.218,79db21
982,0.217,7a1cab
983,0.21600000000000003,799998
984,0.215,7a5e34
985,0.214,7a9fbd
986,0.213,7a9fbd
987,0.212,7a9fbd
988,0.21100000000000002,7b6459
989,0.21,7b6459
990,0.209,7b6459
991,0.20800000000000002,7be76b
992,0.207,7c6a7e
993,0.20600000000000002,7ba5e2
994,0.205,7c6a7e
995,0.204,7d2f19
996,0.203,7ced90
997,0.20199999999999999,7ced90
998,0.201,7db22c
999,0.2,7d70a2
1000,0.19899999999999998,7d70a2
1001,0.198,7df3b5
1002,0.19699999999999998,7e76c7
1003,0.196,7db22c
1004,0.195,7e353e
1005,0.19399999999999998,7eb850
1006,0.193,7e76c7
1007,0.192,7eb850
1008,0.191,7fbe75
1009,0.19,7f3b63
1010,0.18899999999999997,7f7cec
1011,0.188,7fbe75
1012,0.187,7fffff
1013,0.18600000000000003,7fbe75
1014,0.185,804188
1015,0.184,80c49a
1016,0.183,808311
1017,0.182,808311
1018,0.18100000000000002,818936
1019,0.18,8147ad
1020,0.179,8147ad
1021,0.17800000000000002,81cabf
1022,0.177,820c48
1023,0.17600000000000002,818936
1024,0.175,820c48
1025,0.174,828f5b
1026,0.17300000000000001,824dd1
1027,0.172,824dd1
1028,0.171,8353f6
1029,0.17,83126d
1030,0.16899999999999998,83126d
1031,0.168,8353f6
1032,0.16699999999999998,83d709
1033,0.166,8353f6
1034,0.165,83d709
1035,0.16399999999999998,845a1b
1036,0.163,841892
1037,0.162,841892
1038,0.161,84dd2e
1039,0.16,84dd2e
1040,0.159,84dd2e
1041,0.158,851eb7
1042,0.157,85a1c9
1043,0.156,851eb7
1044,0.155,856040
1045,0.154,8624dc
1046,0.153,85e352
1047,0.152,85e352
1048,0.151,86e977
1049,0.15,866665
1050,0.149,866665
1051,0.14800000000000002,86a7ee
1052,0.147,872b00
1053,0.146,86a7ee
1054,0.145,86e977
1055,0.14400000000000002,876c8a
1056,0.14300000000000002,872b00
1057,0.142,872b00
1058,0.141,883125
1059,0.14,87ef9c
1060,0.139,87ef9c
1061,0.138,883125
1062,0.13699999999999998,8872af
1063,0.136,87ef9c
1064,0.135,8872af
1065,0.134,88f5c1
1066,0.133,88b438
1067,0.132,88b438
1068,0.131,8978d3
1069,0.13,89374a
1070,0.129,89374a
1071,0.128,89ba5d
1072,0.127,89fbe6
1073,0.126,8978d3
1074,0.125,89fbe6
1075,0.124,8a3d6f
1076,0.12300000000000001,89fbe6
1077,0.122,8a3d6f
1078,0.121,8b020b
1079,0.12,8ac081
1080,0.11900000000000001,8ac081
1081,0.11800000000000001,8ac081
1082,0.11699999999999999,8b4394
1083,0.11599999999999999,8ac081
1084,0.115,8b4394
1085,0.114,8bc6a6
1086,0.113,8b851d
1087,0.11199999999999999,8b4394
1088,0.111,8c49b9
1089,0.11,8bc6a6
1090,0.109,8c0830
1091,0.10800000000000001,8c49b9
1092,0.107,8c8b42
1093,0.106,8c0830
1094,0.105,8c49b9
1095,0.10400000000000001,8d0e54
1096,0.10300000000000001,8ccccb
1097,0.102,8ccccb
1098,0.10099999999999999,8dd2f0
1099,0.1,79580f
1100,0.10099999999999999,378d4f
1101,0.102,0816ef
1102,0.10300000000000001,e8d4ff
1103,0.10400000000000001,d3b646
1104,0.105,c5e355
1105,0.106,bced92
1106,0.107,b53f7e
1107,0.10800000000000001,afdf3d
1108,0.109,ac8b45
1109,0.11,a8f5c4
1110,0.111,a66668
1111,0.11199999999999999,a45a1e
1112,0.113,a28f5d
1113,0.114,a08314
1114,0.115,9f3b66
1115,0.11599999999999999,9df3b8
1116,0.11699999999999999,9cac09
1117,0.11800000000000001,9b645b
1118,0.11900000000000001,9b22d2
1119,0.12,99db24
1120,0.121,989376
1121,0.122,9851ed
1122,0.12300000000000001,978d51
1123,0.124,96041a
1124,0.125,96041a
1125,0.126,953f7e
1126,0.127,943959
1127,0.128,9374be
1128,0.129,93b647
1129,0.13,92b022
1130,0.131,922d10
1131,0.132,91a9fd
1132,0.133,91a9fd
1133,0.134,90624f
1134,0.135,9020c6
1135,0.136,9020c6
1136,0.13699999999999998,8f1aa1
1137,0.138,8ed918
1138,0.139,8f1aa1
1139,0.14,8e147c
1140,0.141,8d916a
1141,0.142,8d916a
1142,0.14300000000000002,8d4fe1
1143,0.14400000000000002,8c8b45
1144,0.145,8c49bc
1145,0.146,8c8b45
1146,0.147,8bc6a9
1147,0.14800000000000002,8b020e
1148,0.149,8bc6a9
1149,0.15,8b020e
1150,0.151,8a7efb
1151,0.152,8ac084
1152,0.153,8a7efb
1153,0.154,89374d
1154,0.155,8978d6
1155,0.156,8978d6
1156,0.157,88f5c4
1157,0.158,8872b2
1158,0.159,89374d
1159,0.16,8872b2
1160,0.161,87ef9f
1161,0.162,883128
1162,0.163,883128
1163,0.16399999999999998,872b03
1164,0.165,876c8d
1165,0.166,876c8d
1166,0.16699999999999998,86a7f1
1167,0.168,86a7f1
1168,0.16899999999999998,872b03
1169,0.17,86a7f1
1170,0.171,8624df
1171,0.172,866668
1172,0.17300000000000001,866668
1173,0.174,85a1cc
1174,0.175,85e355
1175,0.17600000000000002,85e355
1176,0.177,856043
1177,0.17800000000000002,851eba
1178,0.179,85e355
1179,0.18,851eba
1180,0.18100000000000002,851eba
1181,0.182,851eba
1182,0.183,851eba
1183,0.184,845a1e
1184,0.185,845a1e
1185,0.18600000000000003,849ba7
1186,0.187,845a1e
1187,0.188,83d70c
1188,0.18899999999999997,84dd31
1189,0.19,845a1e
1190,0.191,841895
1191,0.192,841895
1192,0.193,841895
1193,0.19399999999999998,839582
1194,0.195,83d70c
1195,0.196,83d70c
1196,0.19699999999999998,839582
1197,0.198,8353f9
1198,0.19899999999999998,841895
1199,0.2,839582
1200,0.201,8353f9
1201,0.20199999999999999,839582
1202,0.203,83d70c
1203,0.204,82d0e7
1204,0.205,831270
1205,0.20600000000000002,8353f9
1206,0.207,831270
1207,0.20800000000000002,831270
1208,0.209,83d70c
1209,0.21,8353f9
1210,0.21100000000000002,831270
1211,0.212,8353f9
1212,0.213,839582
1213,0.214,82d0e7
1214,0.215,8353f9
1215,0.21600000000000003,83d70c
1216,0.217,831270
1217,0.218,831270
1218,0.21899999999999997,83d70c
1219,0.22,8353f9
1220,0.221,8353f9
1221,0.222,839582
1222,0.223,83d70c
1223,0.22399999999999998,831270
1224,0.225,8353f9
1225,0.226,83d70c
1226,0.22699999999999998,8353f9
1227,0.228,831270
1228,0.22899999999999998,841895
1229,0.23,839582
1230,0.231,8353f9
1231,0.23199999999999998,83d70c
1232,0.233,83d70c
1233,0.23399999999999999,8353f9
1234,0.235,83d70c
1235,0.23600000000000002,83d70c
1236,0.237,839582
1237,0.23800000000000002,8353f9
1238,0.239,845a1e
1239,0.24,83d70c
1240,0.24100000000000002,839582
1241,0.242,841895
1242,0.243,841895
1243,0.244,831270
1244,0.245,83d70c
1245,0.24600000000000002,841895
1246,0.247,83d70c
1247,0.248,83d70c
1248,0.249,849ba7
1249,0.25,841895
1250,0.251,841895
1251,0.252,845a1e
1252,0.253,849ba7
1253,0.254,83d70c
1254,0.255,845a1e
1255,0.256,845a1e
1256,0.257,83d70c
1257,0.258,841895
1258,0.259,84dd31
1259,0.26,845a1e
1260,0.261,849ba7
1261,0.262,849ba7
1262,0.263,84dd31
1263,0.264,845a1e
1264,0.265,849ba7
1265,0.266,851eba
1266,0.267,849ba7
1267,0.268,849ba7
1268,0.26899999999999996,856043
1269,0.27,849ba7
1270,0.271,849ba7
1271,0.272,851eba
1272,0.273,856043
1273,0.27399999999999997,84dd31
1274,0.275,851eba
1275,0.276,856043
1276,0.27699999999999997,851eba
1277,0.278,84dd31
1278,0.27899999999999997,85e355
1279,0.28,856043
1280,0.281,856043
1281,0.282,85a1cc
1282,0.28300000000000003,85e355
1283,0.284,856043
1284,0.285,85e355
1285,0.28600000000000003,8624df
1286,0.287,85a1cc
1287,0.28800000000000003,85a1cc
1288,0.289,866668
1289,0.29,8624df
1290,0.29100000000000004,8624df
1291,0.292,866668
1292,0.293,86a7f1
1293,0.294,85e355
1294,0.295,8624df
1295,0.29600000000000004,86a7f1
1296,0.297,85e355
1297,0.298,8624df
1298,0.299,86e97a
